Designator	NozzleNum	StackNum	Mid X	Mid Y	Rotation	Height	Speed	Vision	Check	Explanation
										
C1	1/2	B17	89.899999	-133.7	0.0	0.5	100	Accurate	Vision	0805 16 10uF X5R
C10	1/2	B17	147.2	-137.0	90.0	0.5	100	Accurate	Vision	0805 16 10uF X5R
C100	1/2	B18	195.35	-66.6	270.0	0.5	100	Accurate	Vision	0603 100n 50V X7R 0603
C101	1/2	B18	123.3	-66.425	90.0	0.5	100	Accurate	Vision	0603 100n 50V X7R 0603
C102	1/2	B18	123.3	-74.625	90.0	0.5	100	Accurate	Vision	0603 100n 50V X7R 0603
C103	1/2	B18	123.3	-82.4	90.0	0.5	100	Accurate	Vision	0603 100n 50V X7R 0603
C104	1/2	B18	123.3	-90.5	90.0	0.5	100	Accurate	Vision	0603 100n 50V X7R 0603
C105	1/2	B18	123.3	-98.5	90.0	0.5	100	Accurate	Vision	0603 100n 50V X7R 0603
C106	1/2	B18	123.3	-106.6	90.0	0.5	100	Accurate	Vision	0603 100n 50V X7R 0603
C107	1/2	B18	123.3	-114.55	90.0	0.5	100	Accurate	Vision	0603 100n 50V X7R 0603
C108	1/2	B18	203.35	-66.45	90.0	0.5	100	Accurate	Vision	0603 100n 50V X7R 0603
C109	1/2	B18	203.35	-74.45	90.0	0.5	100	Accurate	Vision	0603 100n 50V X7R 0603
C110	1/2	B18	203.35	-82.5	90.0	0.5	100	Accurate	Vision	0603 100n 50V X7R 0603
C111	1/2	B18	203.35	-90.55	90.0	0.5	100	Accurate	Vision	0603 100n 50V X7R 0603
C112	1/2	B18	203.35	-98.45	90.0	0.5	100	Accurate	Vision	0603 100n 50V X7R 0603
C113	1/2	B18	203.35	-106.5	90.0	0.5	100	Accurate	Vision	0603 100n 50V X7R 0603
C114	1/2	B18	203.35	-114.5	90.0	0.5	100	Accurate	Vision	0603 100n 50V X7R 0603
C115	1/2	B18	131.35	-114.65	270.0	0.5	100	Accurate	Vision	0603 100n 50V X7R 0603
C116	1/2	B18	131.35	-106.6	270.0	0.5	100	Accurate	Vision	0603 100n 50V X7R 0603
C117	1/2	B18	131.35	-98.65	270.0	0.5	100	Accurate	Vision	0603 100n 50V X7R 0603
C118	1/2	B18	131.3	-90.6	270.0	0.5	100	Accurate	Vision	0603 100n 50V X7R 0603
C119	1/2	B18	131.3	-82.65	270.0	0.5	100	Accurate	Vision	0603 100n 50V X7R 0603
C12	1/2	B15	211.668641	-133.4	0.0	0.5	100	Accurate	Vision	0603 12pF
C120	1/2	B18	131.3	-74.55	270.0	0.5	100	Accurate	Vision	0603 100n 50V X7R 0603
C121	1/2	B18	131.3	-66.55	270.0	0.5	100	Accurate	Vision	0603 100n 50V X7R 0603
C122	1/2	B18	211.35	-114.55	270.0	0.5	100	Accurate	Vision	0603 100n 50V X7R 0603
C123	1/2	B18	211.35	-106.5	270.0	0.5	100	Accurate	Vision	0603 100n 50V X7R 0603
C124	1/2	B18	211.35	-98.5	270.0	0.5	100	Accurate	Vision	0603 100n 50V X7R 0603
C125	1/2	B18	211.35	-90.55	270.0	0.5	100	Accurate	Vision	0603 100n 50V X7R 0603
C126	1/2	B18	211.35	-82.55	270.0	0.5	100	Accurate	Vision	0603 100n 50V X7R 0603
C127	1/2	B18	211.35	-74.5	270.0	0.5	100	Accurate	Vision	0603 100n 50V X7R 0603
C128	1/2	B18	211.35	-66.55	270.0	0.5	100	Accurate	Vision	0603 100n 50V X7R 0603
C129	1/2	B18	139.35	-66.5	90.0	0.5	100	Accurate	Vision	0603 100n 50V X7R 0603
C13	1/2	B16	145.349999	-137.2	90.0	0.5	100	Accurate	Vision	0603 50V 1uF 0603
C130	1/2	B18	139.3	-74.55	90.0	0.5	100	Accurate	Vision	0603 100n 50V X7R 0603
C131	1/2	B18	139.3	-82.45	90.0	0.5	100	Accurate	Vision	0603 100n 50V X7R 0603
C132	1/2	B18	139.35	-90.45	90.0	0.5	100	Accurate	Vision	0603 100n 50V X7R 0603
C133	1/2	B18	139.35	-98.55	90.0	0.5	100	Accurate	Vision	0603 100n 50V X7R 0603
C134	1/2	B18	139.35	-106.5	90.0	0.5	100	Accurate	Vision	0603 100n 50V X7R 0603
C135	1/2	B18	139.35	-114.6	90.0	0.5	100	Accurate	Vision	0603 100n 50V X7R 0603
C136	1/2	B18	219.35	-66.5	90.0	0.5	100	Accurate	Vision	0603 100n 50V X7R 0603
C137	1/2	B18	219.35	-74.6	90.0	0.5	100	Accurate	Vision	0603 100n 50V X7R 0603
C138	1/2	B18	219.35	-82.5	90.0	0.5	100	Accurate	Vision	0603 100n 50V X7R 0603
C139	1/2	B18	219.35	-90.45	90.0	0.5	100	Accurate	Vision	0603 100n 50V X7R 0603
C14	1/2	B18	108.15	-122.0	90.0	0.5	100	Accurate	Vision	0603 100n 50V X7R 0603
C140	1/2	B18	219.35	-98.5	90.0	0.5	100	Accurate	Vision	0603 100n 50V X7R 0603
C141	1/2	B18	219.35	-106.5	90.0	0.5	100	Accurate	Vision	0603 100n 50V X7R 0603
C142	1/2	B18	219.35	-114.5	90.0	0.5	100	Accurate	Vision	0603 100n 50V X7R 0603
C143	1/2	B18	147.35	-114.55	270.0	0.5	100	Accurate	Vision	0603 100n 50V X7R 0603
C144	1/2	B18	147.35	-106.55	270.0	0.5	100	Accurate	Vision	0603 100n 50V X7R 0603
C145	1/2	B18	147.35	-98.65	270.0	0.5	100	Accurate	Vision	0603 100n 50V X7R 0603
C146	1/2	B18	147.35	-90.6	270.0	0.5	100	Accurate	Vision	0603 100n 50V X7R 0603
C147	1/2	B18	147.35	-82.55	270.0	0.5	100	Accurate	Vision	0603 100n 50V X7R 0603
C148	1/2	B18	147.3	-74.6	270.0	0.5	100	Accurate	Vision	0603 100n 50V X7R 0603
C149	1/2	B18	147.3	-66.6	270.0	0.5	100	Accurate	Vision	0603 100n 50V X7R 0603
C15	1/2	B18	143.8	-137.2	90.0	0.5	100	Accurate	Vision	0603 100n 50V X7R 0603
C150	1/2	B18	227.35	-114.55	270.0	0.5	100	Accurate	Vision	0603 100n 50V X7R 0603
C151	1/2	B18	227.35	-106.6	270.0	0.5	100	Accurate	Vision	0603 100n 50V X7R 0603
C152	1/2	B18	227.35	-98.6	270.0	0.5	100	Accurate	Vision	0603 100n 50V X7R 0603
C153	1/2	B18	227.35	-90.5	270.0	0.5	100	Accurate	Vision	0603 100n 50V X7R 0603
C154	1/2	B18	227.35	-82.55	270.0	0.5	100	Accurate	Vision	0603 100n 50V X7R 0603
C155	1/2	B18	227.35	-74.6	270.0	0.5	100	Accurate	Vision	0603 100n 50V X7R 0603
C156	1/2	B18	227.35	-66.55	270.0	0.5	100	Accurate	Vision	0603 100n 50V X7R 0603
C157	1/2	B18	155.4	-66.5	90.0	0.5	100	Accurate	Vision	0603 100n 50V X7R 0603
C158	1/2	B18	155.35	-74.45	90.0	0.5	100	Accurate	Vision	0603 100n 50V X7R 0603
C159	1/2	B18	155.35	-82.45	90.0	0.5	100	Accurate	Vision	0603 100n 50V X7R 0603
C16	1/2	B16	107.8	-124.3	0.0	0.5	100	Accurate	Vision	0603 50V 1uF 0603
C160	1/2	B18	155.35	-90.45	90.0	0.5	100	Accurate	Vision	0603 100n 50V X7R 0603
C161	1/2	B18	155.35	-98.45	90.0	0.5	100	Accurate	Vision	0603 100n 50V X7R 0603
C162	1/2	B18	155.35	-106.55	90.0	0.5	100	Accurate	Vision	0603 100n 50V X7R 0603
C163	1/2	B18	155.35	-114.6	90.0	0.5	100	Accurate	Vision	0603 100n 50V X7R 0603
C17	1/2	B18	212.068641	-138.622575	180.0	0.5	100	Accurate	Vision	0603 100n 50V X7R 0603
C171	1/2	B18	150.9	-57.2	270.0	0.5	100	Accurate	Vision	0603 100n 50V X7R 0603
C172	1/2	B18	138.8	-57.1	270.0	0.5	100	Accurate	Vision	0603 100n 50V X7R 0603
C173	1/2	B18	126.8	-57.1	270.0	0.5	100	Accurate	Vision	0603 100n 50V X7R 0603
C174	1/2	B18	114.7	-57.0	270.0	0.5	100	Accurate	Vision	0603 100n 50V X7R 0603
C175	1/2	B18	102.7	-57.3	270.0	0.5	100	Accurate	Vision	0603 100n 50V X7R 0603
C176	1/2	B18	90.8	-57.35	270.0	0.5	100	Accurate	Vision	0603 100n 50V X7R 0603
C177	1/2	B18	78.75	-57.1	270.0	0.5	100	Accurate	Vision	0603 100n 50V X7R 0603
C178	1/2	B18	211.3	-57.1	270.0	0.5	100	Accurate	Vision	0603 100n 50V X7R 0603
C179	1/2	B18	199.3	-57.0	270.0	0.5	100	Accurate	Vision	0603 100n 50V X7R 0603
C18	1/2	B17	106.3	-121.799999	90.0	0.5	100	Accurate	Vision	0805 16 10uF X5R
C180	1/2	B18	187.1	-57.1	270.0	0.5	100	Accurate	Vision	0603 100n 50V X7R 0603
C181	1/2	B18	175.0	-57.0	270.0	0.5	100	Accurate	Vision	0603 100n 50V X7R 0603
C182	1/2	B18	163.0	-57.2	270.0	0.5	100	Accurate	Vision	0603 100n 50V X7R 0603
C183	1/2	B16	149.9625	-122.6	0.0	0.5	100	Accurate	Vision	0603 50V 1uF 0603
C184	1/2	B17	153.2625	-122.4	180.0	0.5	100	Accurate	Vision	0805 16 10uF X5R
C185	1/2	B16	163.025	-122.775	0.0	0.5	100	Accurate	Vision	0603 50V 1uF 0603
C186	1/2	B18	145.9	-131.4	0.0	0.5	100	Accurate	Vision	0603 100n 50V X7R 0603
C187	1/2	B18	158.56958	-137.34783	225.0	0.5	100	Accurate	Vision	0603 100n 50V X7R 0603
C19	1/2	B18	209.668641	-135.822576	90.0	0.5	100	Accurate	Vision	0603 100n 50V X7R 0603
C2	1/2	B18	89.7	-131.8	0.0	0.5	100	Accurate	Vision	0603 100n 50V X7R 0603
C20	1/2	B17	95.2	-125.7	270.0	0.5	100	Accurate	Vision	0805 16 10uF X5R
C21	1/2	B18	142.2	-137.2	90.0	0.5	100	Accurate	Vision	0603 100n 50V X7R 0603
C22	1/2	B16	95.4	-121.7	90.0	0.5	100	Accurate	Vision	0603 50V 1uF 0603
C23	1/2	B18	93.8	-121.7	90.0	0.5	100	Accurate	Vision	0603 100n 50V X7R 0603
C24	1/2	B18	75.3	-66.6	90.0	0.5	100	Accurate	Vision	0603 100n 50V X7R 0603
C25	1/2	B18	75.3	-74.6	90.0	0.5	100	Accurate	Vision	0603 100n 50V X7R 0603
C26	1/2	B18	75.3	-82.4	90.0	0.5	100	Accurate	Vision	0603 100n 50V X7R 0603
C27	1/2	B18	75.3	-90.5	90.0	0.5	100	Accurate	Vision	0603 100n 50V X7R 0603
C28	1/2	B18	75.3	-98.4	90.0	0.5	100	Accurate	Vision	0603 100n 50V X7R 0603
C29	1/2	B18	75.3	-106.5	90.0	0.5	100	Accurate	Vision	0603 100n 50V X7R 0603
C3	1/2	B18	80.4	-128.9	90.0	0.5	100	Accurate	Vision	0603 100n 50V X7R 0603
C30	1/2	B18	75.3	-114.5	90.0	0.5	100	Accurate	Vision	0603 100n 50V X7R 0603
C31	1/2	B18	83.35	-114.6	270.0	0.5	100	Accurate	Vision	0603 100n 50V X7R 0603
C32	1/2	B18	83.3	-106.55	270.0	0.5	100	Accurate	Vision	0603 100n 50V X7R 0603
C33	1/2	B18	83.3	-98.7	270.0	0.5	100	Accurate	Vision	0603 100n 50V X7R 0603
C34	1/2	B18	83.3	-90.6	270.0	0.5	100	Accurate	Vision	0603 100n 50V X7R 0603
C35	1/2	B18	83.3	-82.5	270.0	0.5	100	Accurate	Vision	0603 100n 50V X7R 0603
C36	1/2	B18	83.3	-74.6	270.0	0.5	100	Accurate	Vision	0603 100n 50V X7R 0603
C37	1/2	B18	83.3	-66.5	270.0	0.5	100	Accurate	Vision	0603 100n 50V X7R 0603
C38	1/2	B18	163.35	-114.6	270.0	0.5	100	Accurate	Vision	0603 100n 50V X7R 0603
C39	1/2	B18	163.35	-106.5	270.0	0.5	100	Accurate	Vision	0603 100n 50V X7R 0603
C4	1/2	B18	191.075	-133.000001	0.0	0.5	100	Accurate	Vision	0603 100n 50V X7R 0603
C40	1/2	B18	163.35	-98.55	270.0	0.5	100	Accurate	Vision	0603 100n 50V X7R 0603
C41	1/2	B18	163.35	-90.6	270.0	0.5	100	Accurate	Vision	0603 100n 50V X7R 0603
C42	1/2	B18	163.35	-82.55	270.0	0.5	100	Accurate	Vision	0603 100n 50V X7R 0603
C43	1/2	B18	163.35	-74.55	270.0	0.5	100	Accurate	Vision	0603 100n 50V X7R 0603
C44	1/2	B18	163.35	-66.55	270.0	0.5	100	Accurate	Vision	0603 100n 50V X7R 0603
C45	1/2	B18	91.35	-66.5	90.0	0.5	100	Accurate	Vision	0603 100n 50V X7R 0603
C46	1/2	B18	91.35	-74.475	90.0	0.5	100	Accurate	Vision	0603 100n 50V X7R 0603
C47	1/2	B18	91.3	-82.55	90.0	0.5	100	Accurate	Vision	0603 100n 50V X7R 0603
C48	1/2	B18	91.3	-90.35	90.0	0.5	100	Accurate	Vision	0603 100n 50V X7R 0603
C49	1/2	B18	91.3	-98.45	90.0	0.5	100	Accurate	Vision	0603 100n 50V X7R 0603
C5	1/2	B17	87.0	-132.950001	90.0	0.5	100	Accurate	Vision	0805 16 10uF X5R
C50	1/2	B18	91.3	-106.55	90.0	0.5	100	Accurate	Vision	0603 100n 50V X7R 0603
C51	1/2	B18	91.3	-114.6	90.0	0.5	100	Accurate	Vision	0603 100n 50V X7R 0603
C52	1/2	B18	171.35	-66.55	90.0	0.5	100	Accurate	Vision	0603 100n 50V X7R 0603
C53	1/2	B18	171.35	-74.55	90.0	0.5	100	Accurate	Vision	0603 100n 50V X7R 0603
C54	1/2	B18	171.35	-82.55	90.0	0.5	100	Accurate	Vision	0603 100n 50V X7R 0603
C55	1/2	B18	171.35	-90.5	90.0	0.5	100	Accurate	Vision	0603 100n 50V X7R 0603
C56	1/2	B18	171.35	-98.55	90.0	0.5	100	Accurate	Vision	0603 100n 50V X7R 0603
C57	1/2	B18	171.35	-106.55	90.0	0.5	100	Accurate	Vision	0603 100n 50V X7R 0603
C58	1/2	B18	171.35	-114.55	90.0	0.5	100	Accurate	Vision	0603 100n 50V X7R 0603
C59	1/2	B18	99.35	-114.5	270.0	0.5	100	Accurate	Vision	0603 100n 50V X7R 0603
C6	1/2	B16	92.2	-140.0	0.0	0.5	100	Accurate	Vision	0603 50V 1uF 0603
C60	1/2	B18	99.3	-106.6	270.0	0.5	100	Accurate	Vision	0603 100n 50V X7R 0603
C61	1/2	B18	99.3	-98.55	270.0	0.5	100	Accurate	Vision	0603 100n 50V X7R 0603
C62	1/2	B18	99.3	-90.5	270.0	0.5	100	Accurate	Vision	0603 100n 50V X7R 0603
C63	1/2	B18	99.35	-82.55	270.0	0.5	100	Accurate	Vision	0603 100n 50V X7R 0603
C64	1/2	B18	99.35	-74.55	270.0	0.5	100	Accurate	Vision	0603 100n 50V X7R 0603
C65	1/2	B18	99.35	-66.55	270.0	0.5	100	Accurate	Vision	0603 100n 50V X7R 0603
C66	1/2	B18	179.35	-114.55	270.0	0.5	100	Accurate	Vision	0603 100n 50V X7R 0603
C67	1/2	B18	179.35	-106.6	270.0	0.5	100	Accurate	Vision	0603 100n 50V X7R 0603
C68	1/2	B18	179.35	-98.5	270.0	0.5	100	Accurate	Vision	0603 100n 50V X7R 0603
C69	1/2	B18	179.35	-90.5	270.0	0.5	100	Accurate	Vision	0603 100n 50V X7R 0603
C7	1/2	B18	166.28	-130.15	225.0	0.5	100	Accurate	Vision	0603 100n 50V X7R 0603
C70	1/2	B18	179.35	-82.55	270.0	0.5	100	Accurate	Vision	0603 100n 50V X7R 0603
C71	1/2	B18	179.35	-74.5	270.0	0.5	100	Accurate	Vision	0603 100n 50V X7R 0603
C72	1/2	B18	179.35	-66.5	270.0	0.5	100	Accurate	Vision	0603 100n 50V X7R 0603
C73	1/2	B18	107.3	-66.5	90.0	0.5	100	Accurate	Vision	0603 100n 50V X7R 0603
C74	1/2	B18	107.3	-74.5	90.0	0.5	100	Accurate	Vision	0603 100n 50V X7R 0603
C75	1/2	B18	107.3	-82.55	90.0	0.5	100	Accurate	Vision	0603 100n 50V X7R 0603
C76	1/2	B18	107.3	-90.55	90.0	0.5	100	Accurate	Vision	0603 100n 50V X7R 0603
C77	1/2	B18	107.3	-98.5	90.0	0.5	100	Accurate	Vision	0603 100n 50V X7R 0603
C78	1/2	B18	107.35	-106.45	90.0	0.5	100	Accurate	Vision	0603 100n 50V X7R 0603
C79	1/2	B18	107.35	-114.5	90.0	0.5	100	Accurate	Vision	0603 100n 50V X7R 0603
C8	1/2	B18	81.1	-135.8	270.0	0.5	100	Accurate	Vision	0603 100n 50V X7R 0603
C80	1/2	B18	187.35	-66.45	90.0	0.5	100	Accurate	Vision	0603 100n 50V X7R 0603
C81	1/2	B18	187.35	-74.6	90.0	0.5	100	Accurate	Vision	0603 100n 50V X7R 0603
C82	1/2	B18	187.35	-82.45	90.0	0.5	100	Accurate	Vision	0603 100n 50V X7R 0603
C83	1/2	B18	187.35	-90.5	90.0	0.5	100	Accurate	Vision	0603 100n 50V X7R 0603
C84	1/2	B18	187.35	-98.45	90.0	0.5	100	Accurate	Vision	0603 100n 50V X7R 0603
C85	1/2	B18	187.35	-106.45	90.0	0.5	100	Accurate	Vision	0603 100n 50V X7R 0603
C86	1/2	B18	187.35	-114.55	90.0	0.5	100	Accurate	Vision	0603 100n 50V X7R 0603
C87	1/2	B18	115.3	-114.65	270.0	0.5	100	Accurate	Vision	0603 100n 50V X7R 0603
C88	1/2	B18	115.3	-106.6	270.0	0.5	100	Accurate	Vision	0603 100n 50V X7R 0603
C89	1/2	B18	115.3	-98.575	270.0	0.5	100	Accurate	Vision	0603 100n 50V X7R 0603
C90	1/2	B18	115.3	-90.65	270.0	0.5	100	Accurate	Vision	0603 100n 50V X7R 0603
C91	1/2	B18	115.3	-82.6	270.0	0.5	100	Accurate	Vision	0603 100n 50V X7R 0603
C92	1/2	B18	115.3	-74.55	270.0	0.5	100	Accurate	Vision	0603 100n 50V X7R 0603
C93	1/2	B18	115.3	-66.55	270.0	0.5	100	Accurate	Vision	0603 100n 50V X7R 0603
C94	1/2	B18	195.35	-114.6	270.0	0.5	100	Accurate	Vision	0603 100n 50V X7R 0603
C95	1/2	B18	195.35	-106.55	270.0	0.5	100	Accurate	Vision	0603 100n 50V X7R 0603
C96	1/2	B18	195.35	-98.5	270.0	0.5	100	Accurate	Vision	0603 100n 50V X7R 0603
C97	1/2	B18	195.35	-90.55	270.0	0.5	100	Accurate	Vision	0603 100n 50V X7R 0603
C98	1/2	B18	195.35	-82.6	270.0	0.5	100	Accurate	Vision	0603 100n 50V X7R 0603
C99	1/2	B18	195.4	-74.55	270.0	0.5	100	Accurate	Vision	0603 100n 50V X7R 0603
D1	1/2	L16	86.7	-127.0	90.0	0.5	100	Accurate	Vision	0805 LED RED 0805
D10	1/2	L23	79.9	-114.5	90.0	0.5	100	Accurate	Vision	LED_WS2812B_PLCC4_5.0x5.0mm_P3.2mm WS2812B
D100	1/2	L23	127.85	-66.5	90.0	0.5	100	Accurate	Vision	LED_WS2812B_PLCC4_5.0x5.0mm_P3.2mm WS2812B
D101	1/2	L23	207.9	-114.5	90.0	0.5	100	Accurate	Vision	LED_WS2812B_PLCC4_5.0x5.0mm_P3.2mm WS2812B
D102	1/2	L23	207.9	-106.5	90.0	0.5	100	Accurate	Vision	LED_WS2812B_PLCC4_5.0x5.0mm_P3.2mm WS2812B
D103	1/2	L23	207.9	-98.5	90.0	0.5	100	Accurate	Vision	LED_WS2812B_PLCC4_5.0x5.0mm_P3.2mm WS2812B
D104	1/2	L23	207.9	-90.5	90.0	0.5	100	Accurate	Vision	LED_WS2812B_PLCC4_5.0x5.0mm_P3.2mm WS2812B
D105	1/2	L23	207.9	-82.5	90.0	0.5	100	Accurate	Vision	LED_WS2812B_PLCC4_5.0x5.0mm_P3.2mm WS2812B
D106	1/2	L23	207.9	-74.5	90.0	0.5	100	Accurate	Vision	LED_WS2812B_PLCC4_5.0x5.0mm_P3.2mm WS2812B
D107	1/2	L23	207.9	-66.5	90.0	0.5	100	Accurate	Vision	LED_WS2812B_PLCC4_5.0x5.0mm_P3.2mm WS2812B
D108	1/2	L23	135.9	-66.5	270.0	0.5	100	Accurate	Vision	LED_WS2812B_PLCC4_5.0x5.0mm_P3.2mm WS2812B
D109	1/2	L23	135.85	-74.5	270.0	0.5	100	Accurate	Vision	LED_WS2812B_PLCC4_5.0x5.0mm_P3.2mm WS2812B
D11	1/2	L23	79.9	-106.5	90.0	0.5	100	Accurate	Vision	LED_WS2812B_PLCC4_5.0x5.0mm_P3.2mm WS2812B
D110	1/2	L23	135.85	-82.5	270.0	0.5	100	Accurate	Vision	LED_WS2812B_PLCC4_5.0x5.0mm_P3.2mm WS2812B
D111	1/2	L23	135.85	-90.5	270.0	0.5	100	Accurate	Vision	LED_WS2812B_PLCC4_5.0x5.0mm_P3.2mm WS2812B
D112	1/2	L23	135.85	-98.5	270.0	0.5	100	Accurate	Vision	LED_WS2812B_PLCC4_5.0x5.0mm_P3.2mm WS2812B
D113	1/2	L23	135.9	-106.5	270.0	0.5	100	Accurate	Vision	LED_WS2812B_PLCC4_5.0x5.0mm_P3.2mm WS2812B
D114	1/2	L23	135.9	-114.5	270.0	0.5	100	Accurate	Vision	LED_WS2812B_PLCC4_5.0x5.0mm_P3.2mm WS2812B
D115	1/2	L23	215.9	-66.5	270.0	0.5	100	Accurate	Vision	LED_WS2812B_PLCC4_5.0x5.0mm_P3.2mm WS2812B
D116	1/2	L23	215.9	-74.5	270.0	0.5	100	Accurate	Vision	LED_WS2812B_PLCC4_5.0x5.0mm_P3.2mm WS2812B
D117	1/2	L23	215.9	-82.5	270.0	0.5	100	Accurate	Vision	LED_WS2812B_PLCC4_5.0x5.0mm_P3.2mm WS2812B
D118	1/2	L23	215.9	-90.5	270.0	0.5	100	Accurate	Vision	LED_WS2812B_PLCC4_5.0x5.0mm_P3.2mm WS2812B
D119	1/2	L23	215.9	-98.5	270.0	0.5	100	Accurate	Vision	LED_WS2812B_PLCC4_5.0x5.0mm_P3.2mm WS2812B
D12	1/2	L23	79.9	-98.5	90.0	0.5	100	Accurate	Vision	LED_WS2812B_PLCC4_5.0x5.0mm_P3.2mm WS2812B
D120	1/2	L23	215.9	-106.5	270.0	0.5	100	Accurate	Vision	LED_WS2812B_PLCC4_5.0x5.0mm_P3.2mm WS2812B
D121	1/2	L23	215.9	-114.5	270.0	0.5	100	Accurate	Vision	LED_WS2812B_PLCC4_5.0x5.0mm_P3.2mm WS2812B
D122	1/2	L23	143.9	-114.5	90.0	0.5	100	Accurate	Vision	LED_WS2812B_PLCC4_5.0x5.0mm_P3.2mm WS2812B
D123	1/2	L23	143.9	-106.5	90.0	0.5	100	Accurate	Vision	LED_WS2812B_PLCC4_5.0x5.0mm_P3.2mm WS2812B
D124	1/2	L23	143.9	-98.5	90.0	0.5	100	Accurate	Vision	LED_WS2812B_PLCC4_5.0x5.0mm_P3.2mm WS2812B
D125	1/2	L23	143.9	-90.5	90.0	0.5	100	Accurate	Vision	LED_WS2812B_PLCC4_5.0x5.0mm_P3.2mm WS2812B
D126	1/2	L23	143.9	-82.5	90.0	0.5	100	Accurate	Vision	LED_WS2812B_PLCC4_5.0x5.0mm_P3.2mm WS2812B
D127	1/2	L23	143.85	-74.5	90.0	0.5	100	Accurate	Vision	LED_WS2812B_PLCC4_5.0x5.0mm_P3.2mm WS2812B
D128	1/2	L23	143.85	-66.5	90.0	0.5	100	Accurate	Vision	LED_WS2812B_PLCC4_5.0x5.0mm_P3.2mm WS2812B
D129	1/2	L23	223.9	-114.5	90.0	0.5	100	Accurate	Vision	LED_WS2812B_PLCC4_5.0x5.0mm_P3.2mm WS2812B
D13	1/2	L23	79.9	-90.5	90.0	0.5	100	Accurate	Vision	LED_WS2812B_PLCC4_5.0x5.0mm_P3.2mm WS2812B
D130	1/2	L23	223.9	-106.5	90.0	0.5	100	Accurate	Vision	LED_WS2812B_PLCC4_5.0x5.0mm_P3.2mm WS2812B
D131	1/2	L23	223.9	-98.5	90.0	0.5	100	Accurate	Vision	LED_WS2812B_PLCC4_5.0x5.0mm_P3.2mm WS2812B
D132	1/2	L23	223.9	-90.5	90.0	0.5	100	Accurate	Vision	LED_WS2812B_PLCC4_5.0x5.0mm_P3.2mm WS2812B
D133	1/2	L23	223.9	-82.5	90.0	0.5	100	Accurate	Vision	LED_WS2812B_PLCC4_5.0x5.0mm_P3.2mm WS2812B
D134	1/2	L23	223.9	-74.5	90.0	0.5	100	Accurate	Vision	LED_WS2812B_PLCC4_5.0x5.0mm_P3.2mm WS2812B
D135	1/2	L23	223.9	-66.5	90.0	0.5	100	Accurate	Vision	LED_WS2812B_PLCC4_5.0x5.0mm_P3.2mm WS2812B
D136	1/2	L23	151.9	-66.5	270.0	0.5	100	Accurate	Vision	LED_WS2812B_PLCC4_5.0x5.0mm_P3.2mm WS2812B
D137	1/2	L23	151.9	-74.5	270.0	0.5	100	Accurate	Vision	LED_WS2812B_PLCC4_5.0x5.0mm_P3.2mm WS2812B
D138	1/2	L23	151.9	-82.5	270.0	0.5	100	Accurate	Vision	LED_WS2812B_PLCC4_5.0x5.0mm_P3.2mm WS2812B
D139	1/2	L23	151.9	-90.5	270.0	0.5	100	Accurate	Vision	LED_WS2812B_PLCC4_5.0x5.0mm_P3.2mm WS2812B
D14	1/2	L23	79.9	-82.5	90.0	0.5	100	Accurate	Vision	LED_WS2812B_PLCC4_5.0x5.0mm_P3.2mm WS2812B
D140	1/2	L23	151.9	-98.5	270.0	0.5	100	Accurate	Vision	LED_WS2812B_PLCC4_5.0x5.0mm_P3.2mm WS2812B
D141	1/2	L23	151.9	-106.5	270.0	0.5	100	Accurate	Vision	LED_WS2812B_PLCC4_5.0x5.0mm_P3.2mm WS2812B
D142	1/2	L23	151.9	-114.5	270.0	0.5	100	Accurate	Vision	LED_WS2812B_PLCC4_5.0x5.0mm_P3.2mm WS2812B
D15	1/2	L23	79.9	-74.5	90.0	0.5	100	Accurate	Vision	LED_WS2812B_PLCC4_5.0x5.0mm_P3.2mm WS2812B
D150	1/2	L23	154.68	-57.175	90.0	0.5	100	Accurate	Vision	LED_WS2812B_PLCC4_5.0x5.0mm_P3.2mm WS2812B
D151	1/2	L23	142.6	-57.175	90.0	0.5	100	Accurate	Vision	LED_WS2812B_PLCC4_5.0x5.0mm_P3.2mm WS2812B
D152	1/2	L23	130.52	-57.175	90.0	0.5	100	Accurate	Vision	LED_WS2812B_PLCC4_5.0x5.0mm_P3.2mm WS2812B
D153	1/2	L23	118.44	-57.175	90.0	0.5	100	Accurate	Vision	LED_WS2812B_PLCC4_5.0x5.0mm_P3.2mm WS2812B
D154	1/2	L23	106.36	-57.175	90.0	0.5	100	Accurate	Vision	LED_WS2812B_PLCC4_5.0x5.0mm_P3.2mm WS2812B
D155	1/2	L23	94.28	-57.175	90.0	0.5	100	Accurate	Vision	LED_WS2812B_PLCC4_5.0x5.0mm_P3.2mm WS2812B
D156	1/2	L23	82.2	-57.175	90.0	0.5	100	Accurate	Vision	LED_WS2812B_PLCC4_5.0x5.0mm_P3.2mm WS2812B
D157	1/2	L23	215.08	-57.175	90.0	0.5	100	Accurate	Vision	LED_WS2812B_PLCC4_5.0x5.0mm_P3.2mm WS2812B
D158	1/2	L23	203.0	-57.175	90.0	0.5	100	Accurate	Vision	LED_WS2812B_PLCC4_5.0x5.0mm_P3.2mm WS2812B
D159	1/2	L23	190.92	-57.175	90.0	0.5	100	Accurate	Vision	LED_WS2812B_PLCC4_5.0x5.0mm_P3.2mm WS2812B
D16	1/2	L23	79.9	-66.5	90.0	0.5	100	Accurate	Vision	LED_WS2812B_PLCC4_5.0x5.0mm_P3.2mm WS2812B
D160	1/2	L23	178.84	-57.175	90.0	0.5	100	Accurate	Vision	LED_WS2812B_PLCC4_5.0x5.0mm_P3.2mm WS2812B
D161	1/2	L23	166.76	-57.175	90.0	0.5	100	Accurate	Vision	LED_WS2812B_PLCC4_5.0x5.0mm_P3.2mm WS2812B
D162	1/2	L15	111.0	-135.0	180.0	0.5	100	Accurate	Vision	SOT-23 ESD_SOT23_TPET24US3
D17	1/2	L23	159.9	-114.5	90.0	0.5	100	Accurate	Vision	LED_WS2812B_PLCC4_5.0x5.0mm_P3.2mm WS2812B
D18	1/2	L23	159.9	-106.5	90.0	0.5	100	Accurate	Vision	LED_WS2812B_PLCC4_5.0x5.0mm_P3.2mm WS2812B
D19	1/2	L23	159.9	-98.5	90.0	0.5	100	Accurate	Vision	LED_WS2812B_PLCC4_5.0x5.0mm_P3.2mm WS2812B
D2	1/2	L22	85.4	-142.8	0.0	0.5	100	Accurate	Vision	D_SMA D_Schottky_3A_40V
D20	1/2	L23	159.9	-90.5	90.0	0.5	100	Accurate	Vision	LED_WS2812B_PLCC4_5.0x5.0mm_P3.2mm WS2812B
D21	1/2	L23	159.9	-82.5	90.0	0.5	100	Accurate	Vision	LED_WS2812B_PLCC4_5.0x5.0mm_P3.2mm WS2812B
D22	1/2	L23	159.9	-74.5	90.0	0.5	100	Accurate	Vision	LED_WS2812B_PLCC4_5.0x5.0mm_P3.2mm WS2812B
D23	1/2	L23	159.9	-66.5	90.0	0.5	100	Accurate	Vision	LED_WS2812B_PLCC4_5.0x5.0mm_P3.2mm WS2812B
D24	1/2	L23	87.9	-66.5	270.0	0.5	100	Accurate	Vision	LED_WS2812B_PLCC4_5.0x5.0mm_P3.2mm WS2812B
D25	1/2	L23	87.9	-74.5	270.0	0.5	100	Accurate	Vision	LED_WS2812B_PLCC4_5.0x5.0mm_P3.2mm WS2812B
D26	1/2	L23	87.85	-82.5	270.0	0.5	100	Accurate	Vision	LED_WS2812B_PLCC4_5.0x5.0mm_P3.2mm WS2812B
D27	1/2	L23	87.85	-90.5	270.0	0.5	100	Accurate	Vision	LED_WS2812B_PLCC4_5.0x5.0mm_P3.2mm WS2812B
D28	1/2	L23	87.85	-98.5	270.0	0.5	100	Accurate	Vision	LED_WS2812B_PLCC4_5.0x5.0mm_P3.2mm WS2812B
D29	1/2	L23	87.85	-106.5	270.0	0.5	100	Accurate	Vision	LED_WS2812B_PLCC4_5.0x5.0mm_P3.2mm WS2812B
D3	1/2	L23	71.9	-66.5	270.0	0.5	100	Accurate	Vision	LED_WS2812B_PLCC4_5.0x5.0mm_P3.2mm WS2812B
D30	1/2	L23	87.85	-114.5	270.0	0.5	100	Accurate	Vision	LED_WS2812B_PLCC4_5.0x5.0mm_P3.2mm WS2812B
D31	1/2	L23	167.9	-66.5	270.0	0.5	100	Accurate	Vision	LED_WS2812B_PLCC4_5.0x5.0mm_P3.2mm WS2812B
D32	1/2	L23	167.9	-74.5	270.0	0.5	100	Accurate	Vision	LED_WS2812B_PLCC4_5.0x5.0mm_P3.2mm WS2812B
D33	1/2	L23	167.9	-82.5	270.0	0.5	100	Accurate	Vision	LED_WS2812B_PLCC4_5.0x5.0mm_P3.2mm WS2812B
D34	1/2	L23	167.9	-90.5	270.0	0.5	100	Accurate	Vision	LED_WS2812B_PLCC4_5.0x5.0mm_P3.2mm WS2812B
D35	1/2	L23	167.9	-98.5	270.0	0.5	100	Accurate	Vision	LED_WS2812B_PLCC4_5.0x5.0mm_P3.2mm WS2812B
D36	1/2	L23	167.9	-106.5	270.0	0.5	100	Accurate	Vision	LED_WS2812B_PLCC4_5.0x5.0mm_P3.2mm WS2812B
D37	1/2	L23	167.9	-114.5	270.0	0.5	100	Accurate	Vision	LED_WS2812B_PLCC4_5.0x5.0mm_P3.2mm WS2812B
D38	1/2	L23	95.9	-114.5	90.0	0.5	100	Accurate	Vision	LED_WS2812B_PLCC4_5.0x5.0mm_P3.2mm WS2812B
D39	1/2	L23	95.85	-106.5	90.0	0.5	100	Accurate	Vision	LED_WS2812B_PLCC4_5.0x5.0mm_P3.2mm WS2812B
D4	1/2	L23	71.9	-74.5	270.0	0.5	100	Accurate	Vision	LED_WS2812B_PLCC4_5.0x5.0mm_P3.2mm WS2812B
D40	1/2	L23	95.85	-98.5	90.0	0.5	100	Accurate	Vision	LED_WS2812B_PLCC4_5.0x5.0mm_P3.2mm WS2812B
D41	1/2	L23	95.85	-90.5	90.0	0.5	100	Accurate	Vision	LED_WS2812B_PLCC4_5.0x5.0mm_P3.2mm WS2812B
D42	1/2	L23	95.9	-82.5	90.0	0.5	100	Accurate	Vision	LED_WS2812B_PLCC4_5.0x5.0mm_P3.2mm WS2812B
D43	1/2	L23	95.9	-74.5	90.0	0.5	100	Accurate	Vision	LED_WS2812B_PLCC4_5.0x5.0mm_P3.2mm WS2812B
D44	1/2	L23	95.9	-66.5	90.0	0.5	100	Accurate	Vision	LED_WS2812B_PLCC4_5.0x5.0mm_P3.2mm WS2812B
D45	1/2	L23	175.9	-114.5	90.0	0.5	100	Accurate	Vision	LED_WS2812B_PLCC4_5.0x5.0mm_P3.2mm WS2812B
D46	1/2	L23	175.9	-106.5	90.0	0.5	100	Accurate	Vision	LED_WS2812B_PLCC4_5.0x5.0mm_P3.2mm WS2812B
D47	1/2	L23	175.9	-98.5	90.0	0.5	100	Accurate	Vision	LED_WS2812B_PLCC4_5.0x5.0mm_P3.2mm WS2812B
D48	1/2	L23	175.9	-90.5	90.0	0.5	100	Accurate	Vision	LED_WS2812B_PLCC4_5.0x5.0mm_P3.2mm WS2812B
D49	1/2	L23	175.9	-82.5	90.0	0.5	100	Accurate	Vision	LED_WS2812B_PLCC4_5.0x5.0mm_P3.2mm WS2812B
D5	1/2	L23	71.9	-82.5	270.0	0.5	100	Accurate	Vision	LED_WS2812B_PLCC4_5.0x5.0mm_P3.2mm WS2812B
D50	1/2	L23	175.9	-74.5	90.0	0.5	100	Accurate	Vision	LED_WS2812B_PLCC4_5.0x5.0mm_P3.2mm WS2812B
D51	1/2	L23	175.9	-66.5	90.0	0.5	100	Accurate	Vision	LED_WS2812B_PLCC4_5.0x5.0mm_P3.2mm WS2812B
D52	1/2	L23	103.85	-66.5	270.0	0.5	100	Accurate	Vision	LED_WS2812B_PLCC4_5.0x5.0mm_P3.2mm WS2812B
D53	1/2	L23	103.85	-74.5	270.0	0.5	100	Accurate	Vision	LED_WS2812B_PLCC4_5.0x5.0mm_P3.2mm WS2812B
D54	1/2	L23	103.85	-82.5	270.0	0.5	100	Accurate	Vision	LED_WS2812B_PLCC4_5.0x5.0mm_P3.2mm WS2812B
D55	1/2	L23	103.85	-90.5	270.0	0.5	100	Accurate	Vision	LED_WS2812B_PLCC4_5.0x5.0mm_P3.2mm WS2812B
D56	1/2	L23	103.85	-98.5	270.0	0.5	100	Accurate	Vision	LED_WS2812B_PLCC4_5.0x5.0mm_P3.2mm WS2812B
D57	1/2	L23	103.9	-106.5	270.0	0.5	100	Accurate	Vision	LED_WS2812B_PLCC4_5.0x5.0mm_P3.2mm WS2812B
D58	1/2	L23	103.9	-114.5	270.0	0.5	100	Accurate	Vision	LED_WS2812B_PLCC4_5.0x5.0mm_P3.2mm WS2812B
D59	1/2	L23	183.9	-66.5	270.0	0.5	100	Accurate	Vision	LED_WS2812B_PLCC4_5.0x5.0mm_P3.2mm WS2812B
D6	1/2	L23	71.9	-90.5	270.0	0.5	100	Accurate	Vision	LED_WS2812B_PLCC4_5.0x5.0mm_P3.2mm WS2812B
D60	1/2	L23	183.9	-74.5	270.0	0.5	100	Accurate	Vision	LED_WS2812B_PLCC4_5.0x5.0mm_P3.2mm WS2812B
D61	1/2	L23	183.9	-82.5	270.0	0.5	100	Accurate	Vision	LED_WS2812B_PLCC4_5.0x5.0mm_P3.2mm WS2812B
D62	1/2	L23	183.9	-90.5	270.0	0.5	100	Accurate	Vision	LED_WS2812B_PLCC4_5.0x5.0mm_P3.2mm WS2812B
D63	1/2	L23	183.9	-98.5	270.0	0.5	100	Accurate	Vision	LED_WS2812B_PLCC4_5.0x5.0mm_P3.2mm WS2812B
D64	1/2	L23	183.9	-106.5	270.0	0.5	100	Accurate	Vision	LED_WS2812B_PLCC4_5.0x5.0mm_P3.2mm WS2812B
D65	1/2	L23	183.9	-114.5	270.0	0.5	100	Accurate	Vision	LED_WS2812B_PLCC4_5.0x5.0mm_P3.2mm WS2812B
D66	1/2	L23	111.85	-114.5	90.0	0.5	100	Accurate	Vision	LED_WS2812B_PLCC4_5.0x5.0mm_P3.2mm WS2812B
D67	1/2	L23	111.85	-106.5	90.0	0.5	100	Accurate	Vision	LED_WS2812B_PLCC4_5.0x5.0mm_P3.2mm WS2812B
D68	1/2	L23	111.85	-98.5	90.0	0.5	100	Accurate	Vision	LED_WS2812B_PLCC4_5.0x5.0mm_P3.2mm WS2812B
D69	1/2	L23	111.85	-90.5	90.0	0.5	100	Accurate	Vision	LED_WS2812B_PLCC4_5.0x5.0mm_P3.2mm WS2812B
D7	1/2	L23	71.9	-98.5	270.0	0.5	100	Accurate	Vision	LED_WS2812B_PLCC4_5.0x5.0mm_P3.2mm WS2812B
D70	1/2	L23	111.85	-82.55	90.0	0.5	100	Accurate	Vision	LED_WS2812B_PLCC4_5.0x5.0mm_P3.2mm WS2812B
D71	1/2	L23	111.85	-74.5	90.0	0.5	100	Accurate	Vision	LED_WS2812B_PLCC4_5.0x5.0mm_P3.2mm WS2812B
D72	1/2	L23	111.85	-66.5	90.0	0.5	100	Accurate	Vision	LED_WS2812B_PLCC4_5.0x5.0mm_P3.2mm WS2812B
D73	1/2	L23	191.9	-114.5	90.0	0.5	100	Accurate	Vision	LED_WS2812B_PLCC4_5.0x5.0mm_P3.2mm WS2812B
D74	1/2	L23	191.9	-106.5	90.0	0.5	100	Accurate	Vision	LED_WS2812B_PLCC4_5.0x5.0mm_P3.2mm WS2812B
D75	1/2	L23	191.9	-98.5	90.0	0.5	100	Accurate	Vision	LED_WS2812B_PLCC4_5.0x5.0mm_P3.2mm WS2812B
D76	1/2	L23	191.9	-90.5	90.0	0.5	100	Accurate	Vision	LED_WS2812B_PLCC4_5.0x5.0mm_P3.2mm WS2812B
D77	1/2	L23	191.9	-82.5	90.0	0.5	100	Accurate	Vision	LED_WS2812B_PLCC4_5.0x5.0mm_P3.2mm WS2812B
D78	1/2	L23	191.95	-74.5	90.0	0.5	100	Accurate	Vision	LED_WS2812B_PLCC4_5.0x5.0mm_P3.2mm WS2812B
D79	1/2	L23	191.9	-66.5	90.0	0.5	100	Accurate	Vision	LED_WS2812B_PLCC4_5.0x5.0mm_P3.2mm WS2812B
D8	1/2	L23	71.9	-106.5	270.0	0.5	100	Accurate	Vision	LED_WS2812B_PLCC4_5.0x5.0mm_P3.2mm WS2812B
D80	1/2	L23	119.85	-66.5	270.0	0.5	100	Accurate	Vision	LED_WS2812B_PLCC4_5.0x5.0mm_P3.2mm WS2812B
D81	1/2	L23	119.8	-74.5	270.0	0.5	100	Accurate	Vision	LED_WS2812B_PLCC4_5.0x5.0mm_P3.2mm WS2812B
D82	1/2	L23	119.85	-82.5	270.0	0.5	100	Accurate	Vision	LED_WS2812B_PLCC4_5.0x5.0mm_P3.2mm WS2812B
D83	1/2	L23	119.85	-90.5	270.0	0.5	100	Accurate	Vision	LED_WS2812B_PLCC4_5.0x5.0mm_P3.2mm WS2812B
D84	1/2	L23	119.85	-98.5	270.0	0.5	100	Accurate	Vision	LED_WS2812B_PLCC4_5.0x5.0mm_P3.2mm WS2812B
D85	1/2	L23	119.85	-106.5	270.0	0.5	100	Accurate	Vision	LED_WS2812B_PLCC4_5.0x5.0mm_P3.2mm WS2812B
D86	1/2	L23	119.85	-114.5	270.0	0.5	100	Accurate	Vision	LED_WS2812B_PLCC4_5.0x5.0mm_P3.2mm WS2812B
D87	1/2	L23	199.9	-66.5	270.0	0.5	100	Accurate	Vision	LED_WS2812B_PLCC4_5.0x5.0mm_P3.2mm WS2812B
D88	1/2	L23	199.9	-74.5	270.0	0.5	100	Accurate	Vision	LED_WS2812B_PLCC4_5.0x5.0mm_P3.2mm WS2812B
D89	1/2	L23	199.9	-82.5	270.0	0.5	100	Accurate	Vision	LED_WS2812B_PLCC4_5.0x5.0mm_P3.2mm WS2812B
D9	1/2	L23	71.9	-114.5	270.0	0.5	100	Accurate	Vision	LED_WS2812B_PLCC4_5.0x5.0mm_P3.2mm WS2812B
D90	1/2	L23	199.9	-90.5	270.0	0.5	100	Accurate	Vision	LED_WS2812B_PLCC4_5.0x5.0mm_P3.2mm WS2812B
D91	1/2	L23	199.9	-98.5	270.0	0.5	100	Accurate	Vision	LED_WS2812B_PLCC4_5.0x5.0mm_P3.2mm WS2812B
D92	1/2	L23	199.9	-106.5	270.0	0.5	100	Accurate	Vision	LED_WS2812B_PLCC4_5.0x5.0mm_P3.2mm WS2812B
D93	1/2	L23	199.9	-114.5	270.0	0.5	100	Accurate	Vision	LED_WS2812B_PLCC4_5.0x5.0mm_P3.2mm WS2812B
D94	1/2	L23	127.9	-114.5	90.0	0.5	100	Accurate	Vision	LED_WS2812B_PLCC4_5.0x5.0mm_P3.2mm WS2812B
D95	1/2	L23	127.9	-106.5	90.0	0.5	100	Accurate	Vision	LED_WS2812B_PLCC4_5.0x5.0mm_P3.2mm WS2812B
D96	1/2	L23	127.9	-98.5	90.0	0.5	100	Accurate	Vision	LED_WS2812B_PLCC4_5.0x5.0mm_P3.2mm WS2812B
D97	1/2	L23	127.85	-90.5	90.0	0.5	100	Accurate	Vision	LED_WS2812B_PLCC4_5.0x5.0mm_P3.2mm WS2812B
D98	1/2	L23	127.85	-82.5	90.0	0.5	100	Accurate	Vision	LED_WS2812B_PLCC4_5.0x5.0mm_P3.2mm WS2812B
D99	1/2	L23	127.85	-74.5	90.0	0.5	100	Accurate	Vision	LED_WS2812B_PLCC4_5.0x5.0mm_P3.2mm WS2812B
F1	1/2	L11	88.0	-136.0	180.0	0.5	100	Accurate	Vision	1206 FUSE_1206_5A
FB1	1/2	L8	94.5	-136.2	180.0	0.5	100	Accurate	Vision	1206 3A 40mΩ 600Ω@100MHz
FL1	1/2	L7	115.1	-133.0	45.0	0.5	100	Accurate	Vision	WCM2012F Series common mode choke Filter_EMI_LL
MK1	1/2	B21	166.910694	-124.233352	135.0	0.5	100	Accurate	Vision	MIC4013-G-C49118386 Microphone_Condenser
Q1	1/2	L10	89.2625	-121.95	0.0	0.5	100	Accurate	Vision	SOT-23 FET_N_2N7002
Q2	1/2	L10	82.087499	-121.9	0.0	0.5	100	Accurate	Vision	SOT-23 FET_N_2N7002
Q3	1/2	L9	93.45	-142.7	90.0	0.5	100	Accurate	Vision	SOT-23 AO3401A
Q4	1/2	L9	88.5	-139.0	0.0	0.5	100	Accurate	Vision	SOT-23 AO3401A
Q5	1/2	L6	79.2625	-142.650001	0.0	0.5	100	Accurate	Vision	SOT-23-6 N-Fet_Dual_NM8205_SOT23-6
Q6	1/2	L5	156.125	-125.225001	0.0	0.5	100	Accurate	Vision	SOT-23 BC817
R1	1/2	B6	90.575	-129.3	270.0	0.5	100	Accurate	Vision	0603 R 400mR 0603
R10	1/2	B1	194.175	-133.000001	0.0	0.5	100	Accurate	Vision	0603 R_10K_0603
R11	1/2	B3	143.0	-126.075	90.0	0.5	100	Accurate	Vision	0603 R_5k1_0603
R12	1/2	B3	141.4	-126.1	90.0	0.5	100	Accurate	Vision	0603 R_5k1_0603
R13	1/2	B5	93.7	-138.3	0.0	0.5	100	Accurate	Vision	0603 100k 0603
R14	1/2	B3	110.7	-130.2	0.0	0.5	100	Accurate	Vision	0603 R_5k1_0603
R15	1/2	B3	110.7	-128.61	0.0	0.5	100	Accurate	Vision	0603 R_5k1_0603
R16	1/2	B2	167.413897	-131.306826	45.0	0.5	100	Accurate	Vision	0603 R 1K 0603
R17	1/2	B5	91.3	-137.6	270.0	0.5	100	Accurate	Vision	0603 100k 0603
R18	1/2	B2	159.753984	-138.496878	45.0	0.5	100	Accurate	Vision	0603 R 1K 0603
R19	1/2	B3	159.024999	-123.475	90.0	0.5	100	Accurate	Vision	0603 R_5k1_0603
R2	1/2	B1	92.024999	-121.75	270.0	0.5	100	Accurate	Vision	0603 R_10K_0603
R20	1/2	B2	78.8	-136.3	0.0	0.5	100	Accurate	Vision	0603 R 1K 0603
R21	1/2	B4	119.35	-133.25	0.0	0.5	100	Accurate	Vision	0603 27R 0603
R22	1/2	B4	119.325	-136.3	0.0	0.5	100	Accurate	Vision	0603 27R 0603
R23	1/2	B2	144.8	-122.3	90.0	0.5	100	Accurate	Vision	0603 R 1K 0603
R24	1/2	B1	113.6	-126.05	180.0	0.5	100	Accurate	Vision	0603 R_10K_0603
R25	1/2	B4	119.34	-130.19	0.0	0.5	100	Accurate	Vision	0603 27R 0603
R26	1/2	B4	119.34	-131.7	0.0	0.5	100	Accurate	Vision	0603 27R 0603
R27	1/2	B4	212.068641	-140.222576	180.0	0.5	100	Accurate	Vision	0603 27R 0603
R28	1/2	B2	213.968641	-132.622576	270.0	0.5	100	Accurate	Vision	0603 R 1K 0603
R29	1/2	B1	144.8	-134.1	90.0	0.5	100	Accurate	Vision	0603 R_10K_0603
R3	1/2	B1	84.872748	-121.677	270.0	0.5	100	Accurate	Vision	0603 R_10K_0603
R30	1/2	B2	83.5	-132.2	180.0	0.5	100	Accurate	Vision	0603 R 1K 0603
R31	1/2	B2	83.5	-133.8	180.0	0.5	100	Accurate	Vision	0603 R 1K 0603
R32	1/2	B1	95.3	-140.0	180.0	0.5	100	Accurate	Vision	0603 R_10K_0603
R33	1/2	B1	96.0	-142.4	90.0	0.5	100	Accurate	Vision	0603 R_10K_0603
R34	1/2	B1	159.825	-125.875	180.0	0.5	100	Accurate	Vision	0603 R_10K_0603
R35	1/2	B1	153.2825	-124.947499	90.0	0.5	100	Accurate	Vision	0603 R_10K_0603
R36	1/2	B3	151.6625	-124.925001	90.0	0.5	100	Accurate	Vision	0603 R_5k1_0603
R37	1/2	B2	156.625	-122.725	0.0	0.5	100	Accurate	Vision	0603 R 1K 0603
R38	1/2	B5	150.062501	-124.925	270.0	0.5	100	Accurate	Vision	0603 100k 0603
R39	1/2	B5	148.524999	-124.9	90.0	0.5	100	Accurate	Vision	0603 100k 0603
R4	1/2	B2	88.65	-129.25	90.0	0.5	100	Accurate	Vision	0603 R 1K 0603
R40	1/2	B2	143.6	-130.65	270.0	0.5	100	Accurate	Vision	0603 R 1K 0603
R41	1/2	B1	162.225	-125.175	90.0	0.5	100	Accurate	Vision	0603 R_10K_0603
R42	1/2	B3	163.825002	-125.175	90.0	0.5	100	Accurate	Vision	0603 R_5k1_0603
R43	1/2	B4	160.624999	-123.475	270.0	0.5	100	Accurate	Vision	0603 27R 0603
R5	1/2	B2	84.0	-126.1	0.0	0.5	100	Accurate	Vision	0603 R 1K 0603
R6	1/2	B2	80.9	-126.1	180.0	0.5	100	Accurate	Vision	0603 R 1K 0603
R7	1/2	B1	86.4625	-121.7	90.0	0.5	100	Accurate	Vision	0603 R_10K_0603
R8	1/2	B1	79.3	-121.7	90.0	0.5	100	Accurate	Vision	0603 R_10K_0603
U1	1/2	L14	83.5	-128.7	180.0	0.5	100	Accurate	Vision	TSOT-23-5 TP4054
U3	1/2	L13	79.2625	-139.050001	180.0	0.5	100	Accurate	Vision	SOT-23-6 Battery-protector-DW01
U5	1/2	L12	212.668641	-136.022576	0.0	0.5	100	Accurate	Vision	SOT-23-6 AF223
U6	1/2	L21	100.7	-123.8	0.0	0.5	100	Accurate	Vision	SOT-223-3_TabPin2 AMS1117-3.3

